{"cameraMode":{"drawMode":0,"name":"Shaded","section":"Shading Mode"},"sceneLighting":true,"audioPlay":false,"sceneViewState":{"showFog":true,"showMaterialUpdate":false,"showSkybox":false,"showFlares":true,"showImageEffects":true,"showParticleSystems":true},"in2DMode":false,"pivot":{"x":0.25904178619384768,"y":0.5550591945648193,"z":0.8527833223342896},"rotation":{"x":0.17890796065330506,"y":-0.036293838173151019,"z":0.006604305002838373,"w":0.9831764698028565},"size":3.324744701385498,"orthographic":false}